player_id,player_name,team_id,team_name,position,href,source_files
1494947,Aaron Anselmino,8455,Chelsea,Defender,https://www.fotmob.com/en-GB/players/1494947/aaron-anselmino,Chelsea_Squad.json
1002039,Aaron Hickey,9937,Brentford,Defender,https://www.fotmob.com/en-GB/players/1002039/aaron-hickey,Brentford_Squad.json
1239583,Abdoullah Ba,8472,Sunderland,Forward,https://www.fotmob.com/en-GB/players/1239583/abdoullah-ba,Sunderland_Squad.json
1362998,Abdukodir Khusanov,8456,Manchester City,Defender,https://www.fotmob.com/en-GB/players/1362998/abdukodir-khusanov,Manchester_City_Squad.json
1265626,Abdul Fatawu,9902,Ipswich Town,Forward,https://www.fotmob.com/en-GB/players/1265626/abdul-fatawu,Ipswich_Town_Squad.json
704138,Abdülkadir Ömür,8667,Hull City,Forward,https://www.fotmob.com/en-GB/players/704138/abdulkadir-omur,Hull_City_Squad.json
1136450,Abu Kamara,8667,Hull City,Forward,https://www.fotmob.com/en-GB/players/1136450/abu-kamara,Hull_City_Squad.json
1573563,Adam Aznou,8668,Everton,Defender,https://www.fotmob.com/en-GB/players/1573563/adam-aznou,Everton_Squad.json
160447,Adam Smith,8678,AFC Bournemouth,Defender,https://www.fotmob.com/en-GB/players/160447/adam-smith,AFC_Bournemouth_Squad.json
1296650,Adam Wharton,9826,Crystal Palace,Midfielder,https://www.fotmob.com/en-GB/players/1296650/adam-wharton,Crystal_Palace_Squad.json
1177358,Adrien Truffert,8678,AFC Bournemouth,Defender,https://www.fotmob.com/en-GB/players/1177358/adrien-truffert,AFC_Bournemouth_Squad.json
90008678,AFC Bournemouth Keepers,8678,AFC Bournemouth,Goalkeeper,https://www.fotmob.com/en-GB/teams/8678/squad/afc-bournemouth,AFC_Bournemouth_Squad.json
963940,Ajibola Alese,8472,Sunderland,Defender,https://www.fotmob.com/en-GB/players/963940/ajibola-alese,Sunderland_Squad.json
1695681,Aladji Bamba,10261,Newcastle United,Midfielder,https://www.fotmob.com/en-GB/players/1695681/aladji-bamba,Newcastle_United_Squad.json
434498,Alan Browne,8472,Sunderland,Midfielder,https://www.fotmob.com/en-GB/players/434498/alan-browne,Sunderland_Squad.json
1203665,Alejandro Garnacho,10252,Aston Villa,Forward,https://www.fotmob.com/en-GB/players/1203665/alejandro-garnacho,Aston_Villa_Squad.json
604785,Alex Iwobi,9879,Fulham,Midfielder,https://www.fotmob.com/en-GB/players/604785/alex-iwobi,Fulham_Squad.json
1362341,Alex Murphy,10261,Newcastle United,Defender,https://www.fotmob.com/en-GB/players/1362341/alex-murphy,Newcastle_United_Squad.json
1233655,Alex Scott,8678,AFC Bournemouth,Midfielder,https://www.fotmob.com/en-GB/players/1233655/alex-scott,AFC_Bournemouth_Squad.json
1449690,Alex Tóth,8678,AFC Bournemouth,Midfielder,https://www.fotmob.com/en-GB/players/1449690/alex-toth,AFC_Bournemouth_Squad.json
690107,Alexander Isak,8650,Liverpool,Forward,https://www.fotmob.com/en-GB/players/690107/alexander-isak,Liverpool_Squad.json
831489,Alexis Mac Allister,8650,Liverpool,Midfielder,https://www.fotmob.com/en-GB/players/831489/alexis-mac-allister,Liverpool_Squad.json
1418100,Alfie Harrison,10261,Newcastle United,Forward,https://www.fotmob.com/en-GB/players/1418100/alfie-harrison,Newcastle_United_Squad.json
1113688,Ali Al Hamadi,9902,Ipswich Town,Forward,https://www.fotmob.com/en-GB/players/1113688/ali-al-hamadi,Ipswich_Town_Squad.json
1656860,Alysson Edward,10252,Aston Villa,Forward,https://www.fotmob.com/en-GB/players/1656860/alysson-edward,Aston_Villa_Squad.json
1070052,Amad Diallo,10260,Manchester United,Forward,https://www.fotmob.com/en-GB/players/1070052/amad-diallo,Manchester_United_Squad.json
1185748,Amadou Onana,10252,Aston Villa,Midfielder,https://www.fotmob.com/en-GB/players/1185748/amadou-onana,Aston_Villa_Squad.json
1254170,Amario Cozier-Duberry,10204,Brighton & Hove Albion,Forward,https://www.fotmob.com/en-GB/players/1254170/amario-cozier-duberry,Brighton_Hove_Albion_Squad.json
1079557,Amine Adli,8678,AFC Bournemouth,Forward,https://www.fotmob.com/en-GB/players/1079557/amine-adli,AFC_Bournemouth_Squad.json
2130320,Andre Grey,9937,Brentford,Defender,https://www.fotmob.com/en-GB/players/2130320/andre-grey,Brentford_Squad.json
357880,Andrew Robertson,8586,Tottenham Hotspur,Defender,https://www.fotmob.com/en-GB/players/357880/andrew-robertson,Tottenham_Hotspur_Squad.json
1372921,Andrey Santos,10260,Manchester United,Midfielder,https://www.fotmob.com/en-GB/players/1372921/andrey-santos,Manchester_United_Squad.json
1198007,Anis Mehmeti,9902,Ipswich Town,Midfielder,https://www.fotmob.com/en-GB/players/1198007/anis-mehmeti,Ipswich_Town_Squad.json
1050166,Anthony Elanga,10261,Newcastle United,Forward,https://www.fotmob.com/en-GB/players/1050166/anthony-elanga,Newcastle_United_Squad.json
933576,Antoine Semenyo,8456,Manchester City,Forward,https://www.fotmob.com/en-GB/players/933576/antoine-semenyo,Manchester_City_Squad.json
881735,Anton Stach,8463,Leeds United,Midfielder,https://www.fotmob.com/en-GB/players/881735/anton-stach,Leeds_United_Squad.json
662428,Antonee Robinson,9879,Fulham,Defender,https://www.fotmob.com/en-GB/players/662428/antonee-robinson,Fulham_Squad.json
1276312,Antoni Milambo,9937,Brentford,Midfielder,https://www.fotmob.com/en-GB/players/1276312/antoni-milambo,Brentford_Squad.json
1654534,Antoñito Cordero,10261,Newcastle United,Midfielder,https://www.fotmob.com/en-GB/players/1654534/antonito-cordero,Newcastle_United_Squad.json
1292092,António Silva,8678,AFC Bournemouth,Defender,https://www.fotmob.com/en-GB/players/1292092/antonio-silva,AFC_Bournemouth_Squad.json
935728,Ao Tanaka,8463,Leeds United,Midfielder,https://www.fotmob.com/en-GB/players/935728/ao-tanaka,Leeds_United_Squad.json
1323305,Archie Gray,8586,Tottenham Hotspur,Midfielder,https://www.fotmob.com/en-GB/players/1323305/archie-gray,Tottenham_Hotspur_Squad.json
1095445,Arnaud Kalimuendo-Muinga,10203,Nottingham Forest,Forward,https://www.fotmob.com/en-GB/players/1095445/arnaud-kalimuendo-muinga,Nottingham_Forest_Squad.json
90009825,Arsenal Keepers,9825,Arsenal,Goalkeeper,https://www.fotmob.com/en-GB/teams/9825/squad/arsenal,Arsenal_Squad.json
418137,Arthur Masuaku,8472,Sunderland,Defender,https://www.fotmob.com/en-GB/players/418137/arthur-masuaku,Sunderland_Squad.json
1290962,Ashley Phillips,8586,Tottenham Hotspur,Defender,https://www.fotmob.com/en-GB/players/1290962/ashley-phillips,Tottenham_Hotspur_Squad.json
90010252,Aston Villa Keepers,10252,Aston Villa,Goalkeeper,https://www.fotmob.com/en-GB/teams/10252/squad/aston-villa,Aston_Villa_Squad.json
1257648,Aurèle Amenda,8669,Coventry City,Defender,https://www.fotmob.com/en-GB/players/1257648/aurele-amenda,Coventry_City_Squad.json
696646,Axel Disasi,8455,Chelsea,Defender,https://www.fotmob.com/en-GB/players/696646/axel-disasi,Chelsea_Squad.json
1559639,Ayden Heaven,10260,Manchester United,Defender,https://www.fotmob.com/en-GB/players/1559639/ayden-heaven,Manchester_United_Squad.json
797594,Azor Matusiwa,9902,Ipswich Town,Midfielder,https://www.fotmob.com/en-GB/players/797594/azor-matusiwa,Ipswich_Town_Squad.json
656495,Babajide David,8667,Hull City,Forward,https://www.fotmob.com/en-GB/players/656495/babajide-david,Hull_City_Squad.json
979752,Bafodé Diakité,8678,AFC Bournemouth,Defender,https://www.fotmob.com/en-GB/players/979752/bafode-diakite,AFC_Bournemouth_Squad.json
1624586,Bazoumana Touré,10261,Newcastle United,Forward,https://www.fotmob.com/en-GB/players/1624586/bazoumana-toure,Newcastle_United_Squad.json
276121,Ben Davies,8586,Tottenham Hotspur,Defender,https://www.fotmob.com/en-GB/players/276121/ben-davies,Tottenham_Hotspur_Squad.json
1324871,Ben Gannon-Doak,8678,AFC Bournemouth,Forward,https://www.fotmob.com/en-GB/players/1324871/ben-gannon-doak,AFC_Bournemouth_Squad.json
770267,Ben Johnson,9902,Ipswich Town,Defender,https://www.fotmob.com/en-GB/players/770267/ben-johnson,Ipswich_Town_Squad.json
776151,Ben White,9825,Arsenal,Defender,https://www.fotmob.com/en-GB/players/776151/ben-white,Arsenal_Squad.json
1697214,Ben Winterburn,8678,AFC Bournemouth,Midfielder,https://www.fotmob.com/en-GB/players/1697214/ben-winterburn,AFC_Bournemouth_Squad.json
1621143,Benjamin Arthur,9937,Brentford,Defender,https://www.fotmob.com/en-GB/players/1621143/benjamin-arthur,Brentford_Squad.json
1478706,Benjamin Fredrick,9937,Brentford,Defender,https://www.fotmob.com/en-GB/players/1478706/benjamin-fredrick,Brentford_Squad.json
1073977,Benjamin Sesko,10260,Manchester United,Forward,https://www.fotmob.com/en-GB/players/1073977/benjamin-sesko,Manchester_United_Squad.json
955376,Benoît Badiashile,8455,Chelsea,Defender,https://www.fotmob.com/en-GB/players/955376/benoit-badiashile,Chelsea_Squad.json
1079485,Beto,8668,Everton,Forward,https://www.fotmob.com/en-GB/players/1079485/beto,Everton_Squad.json
2130255,Bobby Moore,8667,Hull City,Defender,https://www.fotmob.com/en-GB/players/2130255/bobby-moore,Hull_City_Squad.json
1161885,Bobby Thomas,8669,Coventry City,Defender,https://www.fotmob.com/en-GB/players/1161885/bobby-thomas,Coventry_City_Squad.json
622091,Borna Sosa,9826,Crystal Palace,Defender,https://www.fotmob.com/en-GB/players/622091/borna-sosa,Crystal_Palace_Squad.json
816325,Boubacar Kamara,10252,Aston Villa,Midfielder,https://www.fotmob.com/en-GB/players/816325/boubacar-kamara,Aston_Villa_Squad.json
776184,Brandon Thomas-Asante,8669,Coventry City,Forward,https://www.fotmob.com/en-GB/players/776184/brandon-thomas-asante,Coventry_City_Squad.json
1077907,Brandon Williams,8667,Hull City,Defender,https://www.fotmob.com/en-GB/players/1077907/brandon-williams,Hull_City_Squad.json
952322,Brenden Aaronson,8463,Leeds United,Forward,https://www.fotmob.com/en-GB/players/952322/brenden-aaronson,Leeds_United_Squad.json
1076756,Brennan Johnson,9826,Crystal Palace,Midfielder,https://www.fotmob.com/en-GB/players/1076756/brennan-johnson,Crystal_Palace_Squad.json
90009937,Brentford Keepers,9937,Brentford,Goalkeeper,https://www.fotmob.com/en-GB/teams/9937/squad/brentford,Brentford_Squad.json
940446,Brian Brobbey,8472,Sunderland,Forward,https://www.fotmob.com/en-GB/players/940446/brian-brobbey,Sunderland_Squad.json
1729841,Brian Madjo,10252,Aston Villa,Forward,https://www.fotmob.com/en-GB/players/1729841/brian-madjo,Aston_Villa_Squad.json
90010204,Brighton & Hove Albion Keepers,10204,Brighton & Hove Albion,Goalkeeper,https://www.fotmob.com/en-GB/teams/10204/squad/brighton-hove-albion,Brighton_Hove_Albion_Squad.json
422685,Bruno Fernandes,10260,Manchester United,Midfielder,https://www.fotmob.com/en-GB/players/422685/bruno-fernandes,Manchester_United_Squad.json
923312,Bryan Mbeumo,10260,Manchester United,Midfielder,https://www.fotmob.com/en-GB/players/923312/bryan-mbeumo,Manchester_United_Squad.json
961995,Bukayo Saka,9825,Arsenal,Forward,https://www.fotmob.com/en-GB/players/961995/bukayo-saka,Arsenal_Squad.json
1418099,Caleb Kporha,9826,Crystal Palace,Defender,https://www.fotmob.com/en-GB/players/1418099/caleb-kporha,Crystal_Palace_Squad.json
1170744,Caleb Wiley,8455,Chelsea,Defender,https://www.fotmob.com/en-GB/players/1170744/caleb-wiley,Chelsea_Squad.json
846383,Callum Hudson-Odoi,10203,Nottingham Forest,Forward,https://www.fotmob.com/en-GB/players/846383/callum-hudson-odoi,Nottingham_Forest_Squad.json
1431275,Callum Olusesi,8586,Tottenham Hotspur,Midfielder,https://www.fotmob.com/en-GB/players/1431275/callum-olusesi,Tottenham_Hotspur_Squad.json
184321,Callum Wilson,9937,Brentford,Forward,https://www.fotmob.com/en-GB/players/184321/callum-wilson,Brentford_Squad.json
877401,Calvin Bassey,9879,Fulham,Defender,https://www.fotmob.com/en-GB/players/877401/calvin-bassey,Fulham_Squad.json
1076952,Calvin Ramsay,8650,Liverpool,Defender,https://www.fotmob.com/en-GB/players/1076952/calvin-ramsay,Liverpool_Squad.json
1287056,Cameron Humphreys,9902,Ipswich Town,Midfielder,https://www.fotmob.com/en-GB/players/1287056/cameron-humphreys,Ipswich_Town_Squad.json
1352713,Carlos Baleba,10204,Brighton & Hove Albion,Midfielder,https://www.fotmob.com/en-GB/players/1352713/carlos-baleba,Brighton_Hove_Albion_Squad.json
1683723,Cathal McCarthy,8667,Hull City,Defender,https://www.fotmob.com/en-GB/players/1683723/cathal-mccarthy,Hull_City_Squad.json
1187506,Chadi Riad,9826,Crystal Palace,Defender,https://www.fotmob.com/en-GB/players/1187506/chadi-riad,Crystal_Palace_Squad.json
1561249,Charalampos Kostoulas,10204,Brighton & Hove Albion,Forward,https://www.fotmob.com/en-GB/players/1561249/charalampos-kostoulas,Brighton_Hove_Albion_Squad.json
1331703,Charlie Hughes,8667,Hull City,Defender,https://www.fotmob.com/en-GB/players/1331703/charlie-hughes,Hull_City_Squad.json
1896299,Charlie Stevens,8678,AFC Bournemouth,Midfielder,https://www.fotmob.com/en-GB/players/1896299/charlie-stevens,AFC_Bournemouth_Squad.json
1128965,Charly Alcaraz,8668,Everton,Midfielder,https://www.fotmob.com/en-GB/players/1128965/charly-alcaraz,Everton_Squad.json
951954,Cheick Oumar Doucouré,9826,Crystal Palace,Midfielder,https://www.fotmob.com/en-GB/players/951954/cheick-oumar-doucoure,Crystal_Palace_Squad.json
90008455,Chelsea Keepers,8455,Chelsea,Goalkeeper,https://www.fotmob.com/en-GB/teams/8455/squad/chelsea,Chelsea_Squad.json
1368654,Chemsdine Talbi,8472,Sunderland,Forward,https://www.fotmob.com/en-GB/players/1368654/chemsdine-talbi,Sunderland_Squad.json
1557220,Chido Obi,10260,Manchester United,Forward,https://www.fotmob.com/en-GB/players/1557220/chido-obi,Manchester_United_Squad.json
674009,Chiedozie Ogbene,9902,Ipswich Town,Midfielder,https://www.fotmob.com/en-GB/players/674009/chiedozie-ogbene,Ipswich_Town_Squad.json
950829,Chris Richards,9826,Crystal Palace,Defender,https://www.fotmob.com/en-GB/players/950829/chris-richards,Crystal_Palace_Squad.json
1327319,Chris Rigg,8472,Sunderland,Forward,https://www.fotmob.com/en-GB/players/1327319/chris-rigg,Sunderland_Squad.json
169719,Chris Wood,10203,Nottingham Forest,Forward,https://www.fotmob.com/en-GB/players/169719/chris-wood,Nottingham_Forest_Squad.json
266520,Christian Nørgaard,8668,Everton,Midfielder,https://www.fotmob.com/en-GB/players/266520/christian-norgaard,Everton_Squad.json
1157237,Christos Tzolis,9825,Arsenal,Forward,https://www.fotmob.com/en-GB/players/1157237/christos-tzolis,Arsenal_Squad.json
413158,Chuba Akpom,9902,Ipswich Town,Midfielder,https://www.fotmob.com/en-GB/players/413158/chuba-akpom,Ipswich_Town_Squad.json
1486264,Claudio Echeverri,8456,Manchester City,Forward,https://www.fotmob.com/en-GB/players/1486264/claudio-echeverri,Manchester_City_Squad.json
962046,Cody Drameh,8667,Hull City,Defender,https://www.fotmob.com/en-GB/players/962046/cody-drameh,Hull_City_Squad.json
806552,Cody Gakpo,8650,Liverpool,Forward,https://www.fotmob.com/en-GB/players/806552/cody-gakpo,Liverpool_Squad.json
1096353,Cole Palmer,8455,Chelsea,Midfielder,https://www.fotmob.com/en-GB/players/1096353/cole-palmer,Chelsea_Squad.json
1113690,Conor Bradley,8650,Liverpool,Defender,https://www.fotmob.com/en-GB/players/1113690/conor-bradley,Liverpool_Squad.json
966027,Conor Gallagher,8586,Tottenham Hotspur,Midfielder,https://www.fotmob.com/en-GB/players/966027/conor-gallagher,Tottenham_Hotspur_Squad.json
1079456,Costinha,10204,Brighton & Hove Albion,Defender,https://www.fotmob.com/en-GB/players/1079456/costinha,Brighton_Hove_Albion_Squad.json
90008669,Coventry City Keepers,8669,Coventry City,Goalkeeper,https://www.fotmob.com/en-GB/teams/8669/squad/coventry-city,Coventry_City_Squad.json
1298907,Cristhian Mosquera,9825,Arsenal,Defender,https://www.fotmob.com/en-GB/players/1298907/cristhian-mosquera,Arsenal_Squad.json
789066,Cristian Romero,8586,Tottenham Hotspur,Defender,https://www.fotmob.com/en-GB/players/789066/cristian-romero,Tottenham_Hotspur_Squad.json
90009826,Crystal Palace Keepers,9826,Crystal Palace,Goalkeeper,https://www.fotmob.com/en-GB/teams/9826/squad/crystal-palace,Crystal_Palace_Squad.json
933768,Curtis Jones,8650,Liverpool,Midfielder,https://www.fotmob.com/en-GB/players/933768/curtis-jones,Liverpool_Squad.json
760398,Cédric Kipré,9902,Ipswich Town,Defender,https://www.fotmob.com/en-GB/players/760398/cedric-kipre,Ipswich_Town_Squad.json
1403691,César Palacios,9879,Fulham,Midfielder,https://www.fotmob.com/en-GB/players/1403691/cesar-palacios,Fulham_Squad.json
621515,Daichi Kamada,9826,Crystal Palace,Midfielder,https://www.fotmob.com/en-GB/players/621515/daichi-kamada,Crystal_Palace_Squad.json
728765,Daizen Maeda,9902,Ipswich Town,Forward,https://www.fotmob.com/en-GB/players/728765/daizen-maeda,Ipswich_Town_Squad.json
1022649,Dan Ndoye,10203,Nottingham Forest,Forward,https://www.fotmob.com/en-GB/players/1022649/dan-ndoye,Nottingham_Forest_Squad.json
1113753,Dane Scarlett,8586,Tottenham Hotspur,Forward,https://www.fotmob.com/en-GB/players/1113753/dane-scarlett,Tottenham_Hotspur_Squad.json
1250253,Dango Ouattara,9937,Brentford,Forward,https://www.fotmob.com/en-GB/players/1250253/dango-ouattara,Brentford_Squad.json
974268,Daniel Ballard,8472,Sunderland,Defender,https://www.fotmob.com/en-GB/players/974268/daniel-ballard,Sunderland_Squad.json
188058,Daniel Burn,10261,Newcastle United,Defender,https://www.fotmob.com/en-GB/players/188058/daniel-burn,Newcastle_United_Squad.json
1292838,Daniel Gore,10260,Manchester United,Midfielder,https://www.fotmob.com/en-GB/players/1292838/daniel-gore,Manchester_United_Squad.json
717176,Daniel James,8463,Leeds United,Forward,https://www.fotmob.com/en-GB/players/717176/daniel-james,Leeds_United_Squad.json
1253827,Daniel Jebbison,8678,AFC Bournemouth,Forward,https://www.fotmob.com/en-GB/players/1253827/daniel-jebbison,AFC_Bournemouth_Squad.json
859282,Daniel Muñoz,9826,Crystal Palace,Defender,https://www.fotmob.com/en-GB/players/859282/daniel-munoz,Crystal_Palace_Squad.json
113836,Danny Welbeck,8455,Chelsea,Forward,https://www.fotmob.com/en-GB/players/113836/danny-welbeck,Chelsea_Squad.json
789578,Dara O'Shea,9902,Ipswich Town,Defender,https://www.fotmob.com/en-GB/players/789578/dara-oshea,Ipswich_Town_Squad.json
1125874,Darko Gyabi,8667,Hull City,Midfielder,https://www.fotmob.com/en-GB/players/1125874/darko-gyabi,Hull_City_Squad.json
609733,Darnell Furlong,9902,Ipswich Town,Defender,https://www.fotmob.com/en-GB/players/609733/darnell-furlong,Ipswich_Town_Squad.json
1684584,Dastan Satpaev,8455,Chelsea,Forward,https://www.fotmob.com/en-GB/players/1684584/dastan-satpaev,Chelsea_Squad.json
674014,David Brooks,8678,AFC Bournemouth,Forward,https://www.fotmob.com/en-GB/players/674014/david-brooks,AFC_Bournemouth_Squad.json
1207581,David Datro Fofana,8455,Chelsea,Forward,https://www.fotmob.com/en-GB/players/1207581/david-datro-fofana,Chelsea_Squad.json
1330872,David Ozoh,9826,Crystal Palace,Midfielder,https://www.fotmob.com/en-GB/players/1330872/david-ozoh,Crystal_Palace_Squad.json
1690903,Dean Benamar,9826,Crystal Palace,Defender,https://www.fotmob.com/en-GB/players/1690903/dean-benamar,Crystal_Palace_Squad.json
654096,Declan Rice,9825,Arsenal,Midfielder,https://www.fotmob.com/en-GB/players/654096/declan-rice,Arsenal_Squad.json
935379,Dejan Kulusevski,8586,Tottenham Hotspur,Midfielder,https://www.fotmob.com/en-GB/players/935379/dejan-kulusevski,Tottenham_Hotspur_Squad.json
2130252,Dellal Robinson,8667,Hull City,Defender,https://www.fotmob.com/en-GB/players/2130252/dellal-robinson,Hull_City_Squad.json
1680340,Demiane Agustien,9825,Arsenal,Midfielder,https://www.fotmob.com/en-GB/players/1680340/demiane-agustien,Arsenal_Squad.json
2062434,Denner,8455,Chelsea,Defender,https://www.fotmob.com/en-GB/players/2062434/denner,Chelsea_Squad.json
1052898,Destiny Udogie,8586,Tottenham Hotspur,Defender,https://www.fotmob.com/en-GB/players/1052898/destiny-udogie,Tottenham_Hotspur_Squad.json
1354561,Diego Gómez,10204,Brighton & Hove Albion,Midfielder,https://www.fotmob.com/en-GB/players/1354561/diego-gomez,Brighton_Hove_Albion_Squad.json
1079539,Dilane Bakwa,10203,Nottingham Forest,Forward,https://www.fotmob.com/en-GB/players/1079539/dilane-bakwa,Nottingham_Forest_Squad.json
751550,Diogo Dalot,10260,Manchester United,Defender,https://www.fotmob.com/en-GB/players/751550/diogo-dalot,Manchester_United_Squad.json
894803,Djed Spence,8586,Tottenham Hotspur,Defender,https://www.fotmob.com/en-GB/players/894803/djed-spence,Tottenham_Hotspur_Squad.json
612150,Dominic Calvert-Lewin,8463,Leeds United,Forward,https://www.fotmob.com/en-GB/players/612150/dominic-calvert-lewin,Leeds_United_Squad.json
591734,Dominic Solanke,8586,Tottenham Hotspur,Forward,https://www.fotmob.com/en-GB/players/591734/dominic-solanke,Tottenham_Hotspur_Squad.json
846005,Dominik Szoboszlai,8650,Liverpool,Midfielder,https://www.fotmob.com/en-GB/players/846005/dominik-szoboszlai,Liverpool_Squad.json
939542,Dwight McNeil,8668,Everton,Forward,https://www.fotmob.com/en-GB/players/939542/dwight-mcneil,Everton_Squad.json
1239595,Dário Essugo,8455,Chelsea,Midfielder,https://www.fotmob.com/en-GB/players/1239595/dario-essugo,Chelsea_Squad.json
818975,Eberechi Eze,9825,Arsenal,Midfielder,https://www.fotmob.com/en-GB/players/818975/eberechi-eze,Arsenal_Squad.json
860920,Edward Nketiah,9826,Crystal Palace,Midfielder,https://www.fotmob.com/en-GB/players/860920/edward-nketiah,Crystal_Palace_Squad.json
1127305,Eiran Cashin,10204,Brighton & Hove Albion,Defender,https://www.fotmob.com/en-GB/players/1127305/eiran-cashin,Brighton_Hove_Albion_Squad.json
1306239,Elijah Campbell,8668,Everton,Defender,https://www.fotmob.com/en-GB/players/1306239/elijah-campbell,Everton_Squad.json
1178514,Eliot Matazo,8667,Hull City,Midfielder,https://www.fotmob.com/en-GB/players/1178514/eliot-matazo,Hull_City_Squad.json
1089691,Elliot Anderson,8456,Manchester City,Midfielder,https://www.fotmob.com/en-GB/players/1089691/elliot-anderson,Manchester_City_Squad.json
1272349,Elliot Stroud,8667,Hull City,Midfielder,https://www.fotmob.com/en-GB/players/1272349/elliot-stroud,manual_pl_callup
982284,Ellis Simms,8669,Coventry City,Forward,https://www.fotmob.com/en-GB/players/982284/ellis-simms,Coventry_City_Squad.json
1183148,Emanuel Emegha,8455,Chelsea,Forward,https://www.fotmob.com/en-GB/players/1183148/emanuel-emegha,Chelsea_Squad.json
1320949,Emersonn,9902,Ipswich Town,Forward,https://www.fotmob.com/en-GB/players/1320949/emersonn,Ipswich_Town_Squad.json
889534,Emile Smith Rowe,9879,Fulham,Midfielder,https://www.fotmob.com/en-GB/players/889534/emile-smith-rowe,Fulham_Squad.json
610184,Emiliano Buendía,10252,Aston Villa,Forward,https://www.fotmob.com/en-GB/players/610184/emiliano-buendia,Aston_Villa_Squad.json
464486,Enes Ünal,8678,AFC Bournemouth,Forward,https://www.fotmob.com/en-GB/players/464486/enes-unal,AFC_Bournemouth_Squad.json
1197548,Enis Destan,8667,Hull City,Forward,https://www.fotmob.com/en-GB/players/1197548/enis-destan,Hull_City_Squad.json
1137705,Enzo Fernández,8455,Chelsea,Midfielder,https://www.fotmob.com/en-GB/players/1137705/enzo-fernandez,Chelsea_Squad.json
1714514,Enzo Kana Biyik,10260,Manchester United,Forward,https://www.fotmob.com/en-GB/players/1714514/enzo-kana-biyik,Manchester_United_Squad.json
1049999,Enzo Le Fée,8472,Sunderland,Midfielder,https://www.fotmob.com/en-GB/players/1049999/enzo-le-fee,Sunderland_Squad.json
798654,Ephron Mason-Clark,8669,Coventry City,Forward,https://www.fotmob.com/en-GB/players/798654/ephron-mason-clark,Coventry_City_Squad.json
1487909,Eric da Silva Moreira,10203,Nottingham Forest,Defender,https://www.fotmob.com/en-GB/players/1487909/eric-da-silva-moreira,Nottingham_Forest_Squad.json
737066,Erling Haaland,8456,Manchester City,Forward,https://www.fotmob.com/en-GB/players/737066/erling-haaland,Manchester_City_Squad.json
1580774,Estêvão,8455,Chelsea,Forward,https://www.fotmob.com/en-GB/players/1580774/estevao,Chelsea_Squad.json
780432,Ethan Ampadu,8463,Leeds United,Midfielder,https://www.fotmob.com/en-GB/players/780432/ethan-ampadu,Leeds_United_Squad.json
1254234,Ethan Nwaneri,9825,Arsenal,Midfielder,https://www.fotmob.com/en-GB/players/1254234/ethan-nwaneri,Arsenal_Squad.json
711357,Ethan Pinnock,9937,Brentford,Defender,https://www.fotmob.com/en-GB/players/711357/ethan-pinnock,Brentford_Squad.json
1398915,Ethan Wheatley,10260,Manchester United,Forward,https://www.fotmob.com/en-GB/players/1398915/ethan-wheatley,Manchester_United_Squad.json
1068482,Evan Ferguson,10204,Brighton & Hove Albion,Forward,https://www.fotmob.com/en-GB/players/1068482/evan-ferguson,Brighton_Hove_Albion_Squad.json
1098096,Evanilson,8678,AFC Bournemouth,Forward,https://www.fotmob.com/en-GB/players/1098096/evanilson,AFC_Bournemouth_Squad.json
1087966,Evann Guessand,10252,Aston Villa,Forward,https://www.fotmob.com/en-GB/players/1087966/evann-guessand,Aston_Villa_Squad.json
90008668,Everton Keepers,8668,Everton,Goalkeeper,https://www.fotmob.com/en-GB/teams/8668/squad/everton,Everton_Squad.json
710159,Ezri Konsa,10252,Aston Villa,Defender,https://www.fotmob.com/en-GB/players/710159/ezri-konsa,Aston_Villa_Squad.json
189982,Fabian Schär,10261,Newcastle United,Defender,https://www.fotmob.com/en-GB/players/189982/fabian-schar,Newcastle_United_Squad.json
1336566,Facundo Buonanotte,10204,Brighton & Hove Albion,Midfielder,https://www.fotmob.com/en-GB/players/1336566/facundo-buonanotte,Brighton_Hove_Albion_Squad.json
784510,Federico Chiesa,8650,Liverpool,Forward,https://www.fotmob.com/en-GB/players/784510/federico-chiesa,Liverpool_Squad.json
774448,Ferdi Kadioglu,10204,Brighton & Hove Albion,Defender,https://www.fotmob.com/en-GB/players/774448/ferdi-kadioglu,Brighton_Hove_Albion_Squad.json
793255,Florentino,9902,Ipswich Town,Midfielder,https://www.fotmob.com/en-GB/players/793255/florentino,Ipswich_Town_Squad.json
1152455,Florian Wirtz,8650,Liverpool,Forward,https://www.fotmob.com/en-GB/players/1152455/florian-wirtz,Liverpool_Squad.json
856685,Frank Onyeka,8669,Coventry City,Midfielder,https://www.fotmob.com/en-GB/players/856685/frank-onyeka,Coventry_City_Squad.json
90009879,Fulham Keepers,9879,Fulham,Goalkeeper,https://www.fotmob.com/en-GB/teams/9879/squad/fulham,Fulham_Squad.json
963965,Fábio Carvalho,9937,Brentford,Forward,https://www.fotmob.com/en-GB/players/963965/fabio-carvalho,Brentford_Squad.json
1025462,Fábio Vieira,9825,Arsenal,Midfielder,https://www.fotmob.com/en-GB/players/1025462/fabio-vieira,Arsenal_Squad.json
795179,Gabriel,9825,Arsenal,Defender,https://www.fotmob.com/en-GB/players/795179/gabriel,Arsenal_Squad.json
744494,Gabriel Gudmundsson,8463,Leeds United,Defender,https://www.fotmob.com/en-GB/players/744494/gabriel-gudmundsson,Leeds_United_Squad.json
576165,Gabriel Jesus,9825,Arsenal,Forward,https://www.fotmob.com/en-GB/players/576165/gabriel-jesus,Arsenal_Squad.json
1021586,Gabriel Martinelli,9825,Arsenal,Forward,https://www.fotmob.com/en-GB/players/1021586/gabriel-martinelli,Arsenal_Squad.json
750033,George Hirst,9902,Ipswich Town,Forward,https://www.fotmob.com/en-GB/players/750033/george-hirst,Ipswich_Town_Squad.json
1559636,George King,9826,Crystal Palace,Defender,https://www.fotmob.com/en-GB/players/1559636/george-king,Crystal_Palace_Squad.json
956925,Georginio Rutter,10204,Brighton & Hove Albion,Midfielder,https://www.fotmob.com/en-GB/players/956925/georginio-rutter,Brighton_Hove_Albion_Squad.json
1530314,Geovany Quenda,8455,Chelsea,Forward,https://www.fotmob.com/en-GB/players/1530314/geovany-quenda,Chelsea_Squad.json
1609209,Giovanni Leoni,8650,Liverpool,Defender,https://www.fotmob.com/en-GB/players/1609209/giovanni-leoni,Liverpool_Squad.json
1413847,Gonzalo García,9879,Fulham,Forward,https://www.fotmob.com/en-GB/players/1413847/gonzalo-garcia,Fulham_Squad.json
1844097,Grady McDonnell,10203,Nottingham Forest,Midfielder,https://www.fotmob.com/en-GB/players/1844097/grady-mcdonnell,Nottingham_Forest_Squad.json
207236,Granit Xhaka,8472,Sunderland,Midfielder,https://www.fotmob.com/en-GB/players/207236/granit-xhaka,Sunderland_Squad.json
1516030,Gustavo Nunes,9937,Brentford,Forward,https://www.fotmob.com/en-GB/players/1516030/gustavo-nunes,Brentford_Squad.json
775355,Gustavo Hamer,8669,Coventry City,Forward,https://www.fotmob.com/en-GB/players/775355/gustavo-hamer,manual_pl_callup
1285866,Habib Diarra,8472,Sunderland,Midfielder,https://www.fotmob.com/en-GB/players/1285866/habib-diarra,Sunderland_Squad.json
848268,Haji Wright,8669,Coventry City,Forward,https://www.fotmob.com/en-GB/players/848268/haji-wright,Coventry_City_Squad.json
1970884,Harri Laidler,8669,Coventry City,Midfielder,https://www.fotmob.com/en-GB/players/1970884/harri-laidler,Coventry_City_Squad.json
1559637,Harrison Armstrong,8668,Everton,Midfielder,https://www.fotmob.com/en-GB/players/1559637/harrison-armstrong,Everton_Squad.json
1842565,Harrison Bettoni,8455,Chelsea,Midfielder,https://www.fotmob.com/en-GB/players/1842565/harrison-bettoni,Chelsea_Squad.json
502420,Harrison Reed,9879,Fulham,Midfielder,https://www.fotmob.com/en-GB/players/502420/harrison-reed,Fulham_Squad.json
1430832,Harry Amass,10260,Manchester United,Midfielder,https://www.fotmob.com/en-GB/players/1430832/harry-amass,Manchester_United_Squad.json
1086712,Harry Clarke,9902,Ipswich Town,Midfielder,https://www.fotmob.com/en-GB/players/1086712/harry-clarke,Ipswich_Town_Squad.json
1446616,Harry Howell,10204,Brighton & Hove Albion,Midfielder,https://www.fotmob.com/en-GB/players/1446616/harry-howell,Brighton_Hove_Albion_Squad.json
255610,Harry Maguire,10260,Manchester United,Defender,https://www.fotmob.com/en-GB/players/255610/harry-maguire,Manchester_United_Squad.json
494417,Harry Wilson,8463,Leeds United,Forward,https://www.fotmob.com/en-GB/players/494417/harry-wilson,Leeds_United_Squad.json
760359,Harvey Barnes,10261,Newcastle United,Forward,https://www.fotmob.com/en-GB/players/760359/harvey-barnes,Newcastle_United_Squad.json
963964,Harvey Elliott,8650,Liverpool,Midfielder,https://www.fotmob.com/en-GB/players/963964/harvey-elliott,Liverpool_Squad.json
982394,Hayden Hackney,8668,Everton,Midfielder,https://www.fotmob.com/en-GB/players/982394/hayden-hackney,Everton_Squad.json
915102,Hidemasa Morita,8667,Hull City,Midfielder,https://www.fotmob.com/en-GB/players/915102/hidemasa-morita,Hull_City_Squad.json
1197030,Hugo Ekitiké,8650,Liverpool,Forward,https://www.fotmob.com/en-GB/players/1197030/hugo-ekitike,Liverpool_Squad.json
90008667,Hull City Keepers,8667,Hull City,Goalkeeper,https://www.fotmob.com/en-GB/teams/8667/squad/hull-city,Hull_City_Squad.json
966026,Ian Maatsen,10252,Aston Villa,Defender,https://www.fotmob.com/en-GB/players/966026/ian-maatsen,Aston_Villa_Squad.json
1215410,Ibrahim Osman,10204,Brighton & Hove Albion,Forward,https://www.fotmob.com/en-GB/players/1215410/ibrahim-osman,Brighton_Hove_Albion_Squad.json
795371,Ibrahim Sangaré,10203,Nottingham Forest,Midfielder,https://www.fotmob.com/en-GB/players/795371/ibrahim-sangare,Nottingham_Forest_Squad.json
1082102,Igor Jesus,10203,Nottingham Forest,Forward,https://www.fotmob.com/en-GB/players/1082102/igor-jesus,Nottingham_Forest_Squad.json
768331,Igor Julio,10204,Brighton & Hove Albion,Defender,https://www.fotmob.com/en-GB/players/768331/igor-julio,Brighton_Hove_Albion_Squad.json
1302005,Igor Thiago,9937,Brentford,Forward,https://www.fotmob.com/en-GB/players/1302005/igor-thiago,Brentford_Squad.json
1080983,Ilia Gruev,8463,Leeds United,Midfielder,https://www.fotmob.com/en-GB/players/1080983/ilia-gruev,Leeds_United_Squad.json
965764,Iliman Ndiaye,8668,Everton,Forward,https://www.fotmob.com/en-GB/players/965764/iliman-ndiaye,Everton_Squad.json
90009902,Ipswich Town Keepers,9902,Ipswich Town,Goalkeeper,https://www.fotmob.com/en-GB/teams/9902/squad/ipswich-town,Ipswich_Town_Squad.json
1419974,Ishé Samuels-Smith,8455,Chelsea,Defender,https://www.fotmob.com/en-GB/players/1419974/ishe-samuels-smith,Chelsea_Squad.json
771294,Ismaïla Sarr,9826,Crystal Palace,Midfielder,https://www.fotmob.com/en-GB/players/771294/ismaila-sarr,Crystal_Palace_Squad.json
696443,Issa Diop,9902,Ipswich Town,Defender,https://www.fotmob.com/en-GB/players/696443/issa-diop,Ipswich_Town_Squad.json
1099974,Issa Kaboré,8456,Manchester City,Defender,https://www.fotmob.com/en-GB/players/1099974/issa-kabore,Manchester_City_Squad.json
914402,Jack Clarke,9902,Ipswich Town,Forward,https://www.fotmob.com/en-GB/players/914402/jack-clarke,Ipswich_Town_Squad.json
312765,Jack Grealish,8456,Manchester City,Forward,https://www.fotmob.com/en-GB/players/312765/jack-grealish,Manchester_City_Squad.json
1251334,Jack Hinshelwood,10204,Brighton & Hove Albion,Midfielder,https://www.fotmob.com/en-GB/players/1251334/jack-hinshelwood,Brighton_Hove_Albion_Squad.json
1030830,Jack Rudoni,8669,Coventry City,Midfielder,https://www.fotmob.com/en-GB/players/1030830/jack-rudoni,Coventry_City_Squad.json
789507,Jack Taylor,9902,Ipswich Town,Midfielder,https://www.fotmob.com/en-GB/players/789507/jack-taylor,Ipswich_Town_Squad.json
1079103,Jacob Greaves,9902,Ipswich Town,Defender,https://www.fotmob.com/en-GB/players/1079103/jacob-greaves,Ipswich_Town_Squad.json
521148,Jacob Murphy,10261,Newcastle United,Forward,https://www.fotmob.com/en-GB/players/521148/jacob-murphy,Newcastle_United_Squad.json
1021929,Jacob Ramsey,10261,Newcastle United,Midfielder,https://www.fotmob.com/en-GB/players/1021929/jacob-ramsey,Newcastle_United_Squad.json
1089645,Jaden Philogene-Bidace,9902,Ipswich Town,Forward,https://www.fotmob.com/en-GB/players/1089645/jaden-philogene-bidace,Ipswich_Town_Squad.json
1334842,Jahnoah Markelo,8669,Coventry City,Forward,https://www.fotmob.com/en-GB/players/1334842/jahnoah-markelo,Coventry_City_Squad.json
1171140,Jaidon Anthony,9937,Brentford,Forward,https://www.fotmob.com/en-GB/players/1171140/jaidon-anthony,Brentford_Squad.json
1391209,Jair Cunha,10203,Nottingham Forest,Defender,https://www.fotmob.com/en-GB/players/1391209/jair-cunha,Nottingham_Forest_Squad.json
861805,Jaka Bijol,8463,Leeds United,Defender,https://www.fotmob.com/en-GB/players/861805/jaka-bijol,Leeds_United_Squad.json
191174,Jake Bidwell,8669,Coventry City,Defender,https://www.fotmob.com/en-GB/players/191174/jake-bidwell,Coventry_City_Squad.json
1098607,Jake O'Brien,8668,Everton,Defender,https://www.fotmob.com/en-GB/players/1098607/jake-obrien,Everton_Squad.json
950474,James Garner,8668,Everton,Midfielder,https://www.fotmob.com/en-GB/players/950474/james-garner,Everton_Squad.json
959407,James Hill,8678,AFC Bournemouth,Defender,https://www.fotmob.com/en-GB/players/959407/james-hill,AFC_Bournemouth_Squad.json
710158,James Justin,8463,Leeds United,Defender,https://www.fotmob.com/en-GB/players/710158/james-justin,Leeds_United_Squad.json
493165,James Maddison,8586,Tottenham Hotspur,Midfielder,https://www.fotmob.com/en-GB/players/493165/james-maddison,Tottenham_Hotspur_Squad.json
1107648,James McAtee,10203,Nottingham Forest,Midfielder,https://www.fotmob.com/en-GB/players/1107648/james-mcatee,Nottingham_Forest_Squad.json
243138,James Tarkowski,8668,Everton,Defender,https://www.fotmob.com/en-GB/players/243138/james-tarkowski,Everton_Squad.json
1113692,Jamie Gittens,8455,Chelsea,Forward,https://www.fotmob.com/en-GB/players/1113692/jamie-gittens,Chelsea_Squad.json
974618,Jan Paul van Hecke,8586,Tottenham Hotspur,Defender,https://www.fotmob.com/en-GB/players/974618/jan-paul-van-hecke,Tottenham_Hotspur_Squad.json
1572340,Jannik Schuster,9937,Brentford,Defender,https://www.fotmob.com/en-GB/players/1572340/jannik-schuster,Brentford_Squad.json
1030829,Jarrad Branthwaite,8668,Everton,Defender,https://www.fotmob.com/en-GB/players/1030829/jarrad-branthwaite,Everton_Squad.json
759814,Jay Dasilva,8669,Coventry City,Defender,https://www.fotmob.com/en-GB/players/759814/jay-dasilva,Coventry_City_Squad.json
1664722,Jaydee Canvot,9826,Crystal Palace,Defender,https://www.fotmob.com/en-GB/players/1664722/jaydee-canvot,Crystal_Palace_Squad.json
789646,Jayden Bogle,8463,Leeds United,Defender,https://www.fotmob.com/en-GB/players/789646/jayden-bogle,Leeds_United_Squad.json
1574106,Jayden Meghoma,9937,Brentford,Defender,https://www.fotmob.com/en-GB/players/1574106/jayden-meghoma,Brentford_Squad.json
706297,Jean-Philippe Mateta,9826,Crystal Palace,Forward,https://www.fotmob.com/en-GB/players/706297/jean-philippe-mateta,Crystal_Palace_Squad.json
466672,Jefferson Lerma,9826,Crystal Palace,Midfielder,https://www.fotmob.com/en-GB/players/466672/jefferson-lerma,Crystal_Palace_Squad.json
1377949,Jens Hjertø-Dahl,8667,Hull City,Midfielder,https://www.fotmob.com/en-GB/players/1377949/jens-hjerto-dahl,Hull_City_Squad.json
1203192,Jenson Seelt,8472,Sunderland,Defender,https://www.fotmob.com/en-GB/players/1203192/jenson-seelt,Sunderland_Squad.json
966018,Jeremie Frimpong,8650,Liverpool,Defender,https://www.fotmob.com/en-GB/players/966018/jeremie-frimpong,Liverpool_Squad.json
1677188,Jeremy Monga,8456,Manchester City,Forward,https://www.fotmob.com/en-GB/players/1677188/jeremy-monga,Manchester_City_Squad.json
1226789,Jesurun Rak-Sakyi,9826,Crystal Palace,Forward,https://www.fotmob.com/en-GB/players/1226789/jesurun-rak-sakyi,Crystal_Palace_Squad.json
1341538,Ji-Soo Kim,9937,Brentford,Defender,https://www.fotmob.com/en-GB/players/1341538/ji-soo-kim,Brentford_Squad.json
1448031,Jimmy Sinclair,10203,Nottingham Forest,Forward,https://www.fotmob.com/en-GB/players/1448031/jimmy-sinclair,Nottingham_Forest_Squad.json
503659,Joachim Andersen,9879,Fulham,Defender,https://www.fotmob.com/en-GB/players/503659/joachim-andersen,Fulham_Squad.json
1690655,Jocelin Ta Bi,8472,Sunderland,Forward,https://www.fotmob.com/en-GB/players/1690655/jocelin-ta-bi,Sunderland_Squad.json
956161,Joe Gelhardt,8463,Leeds United,Midfielder,https://www.fotmob.com/en-GB/players/956161/joe-gelhardt,Leeds_United_Squad.json
717174,Joe Rodon,8463,Leeds United,Defender,https://www.fotmob.com/en-GB/players/717174/joe-rodon,Leeds_United_Squad.json
863822,Joel Latibeaudiere,8669,Coventry City,Defender,https://www.fotmob.com/en-GB/players/863822/joel-latibeaudiere,Coventry_City_Squad.json
535936,Joelinton,10261,Newcastle United,Midfielder,https://www.fotmob.com/en-GB/players/535936/joelinton,Newcastle_United_Squad.json
1520063,Johan Manzambi,10252,Aston Villa,Midfielder,https://www.fotmob.com/en-GB/players/1520063/johan-manzambi,Aston_Villa_Squad.json
295062,John Egan,8667,Hull City,Defender,https://www.fotmob.com/en-GB/players/295062/john-egan,Hull_City_Squad.json
356406,John McGinn,10252,Aston Villa,Forward,https://www.fotmob.com/en-GB/players/356406/john-mcginn,Aston_Villa_Squad.json
1532672,Jonah Kusi-Asare,9879,Fulham,Forward,https://www.fotmob.com/en-GB/players/1532672/jonah-kusi-asare,Fulham_Squad.json
1699539,Jonny Stuttle,8678,AFC Bournemouth,Forward,https://www.fotmob.com/en-GB/players/1699539/jonny-stuttle,AFC_Bournemouth_Squad.json
156008,Jordan Henderson,8455,Chelsea,Midfielder,https://www.fotmob.com/en-GB/players/156008/jordan-henderson,Chelsea_Squad.json
821728,Jorge Cuenca,9879,Fulham,Defender,https://www.fotmob.com/en-GB/players/821728/jorge-cuenca,Fulham_Squad.json
1413846,Jorrel Hato,8455,Chelsea,Defender,https://www.fotmob.com/en-GB/players/1413846/jorrel-hato,Chelsea_Squad.json
568571,Joseph Gomez,8650,Liverpool,Defender,https://www.fotmob.com/en-GB/players/568571/joseph-gomez,Liverpool_Squad.json
860975,Joseph Willock,10261,Newcastle United,Midfielder,https://www.fotmob.com/en-GB/players/860975/joseph-willock,Newcastle_United_Squad.json
1400216,Josh Acheampong,8455,Chelsea,Defender,https://www.fotmob.com/en-GB/players/1400216/josh-acheampong,Chelsea_Squad.json
962000,Josh Eccles,8669,Coventry City,Midfielder,https://www.fotmob.com/en-GB/players/962000/josh-eccles,Coventry_City_Squad.json
2130253,Josh Ocaya,8667,Hull City,Defender,https://www.fotmob.com/en-GB/players/2130253/josh-ocaya,Hull_City_Squad.json
1187225,Josh Wilson-Esbrand,8456,Manchester City,Defender,https://www.fotmob.com/en-GB/players/1187225/josh-wilson-esbrand,Manchester_City_Squad.json
759566,Joshua Dasilva,9937,Brentford,Midfielder,https://www.fotmob.com/en-GB/players/759566/joshua-dasilva,Brentford_Squad.json
1422593,Joshua King,9879,Fulham,Midfielder,https://www.fotmob.com/en-GB/players/1422593/joshua-king,Fulham_Squad.json
950830,Joshua Zirkzee,10260,Manchester United,Forward,https://www.fotmob.com/en-GB/players/950830/joshua-zirkzee,Manchester_United_Squad.json
1070712,Josko Gvardiol,8456,Manchester City,Defender,https://www.fotmob.com/en-GB/players/1070712/josko-gvardiol,Manchester_City_Squad.json
1174672,João Gomes,10252,Aston Villa,Midfielder,https://www.fotmob.com/en-GB/players/1174672/joao-gomes,Aston_Villa_Squad.json
1021382,João Pedro,8455,Chelsea,Forward,https://www.fotmob.com/en-GB/players/1021382/joao-pedro,Chelsea_Squad.json
1700817,Joél Drakes-Thomas,9826,Crystal Palace,Defender,https://www.fotmob.com/en-GB/players/1700817/joel-drakes-thomas,Crystal_Palace_Squad.json
792540,Joël Piroe,8463,Leeds United,Forward,https://www.fotmob.com/en-GB/players/792540/joel-piroe,Leeds_United_Squad.json
1358655,Julio Soler,8678,AFC Bournemouth,Defender,https://www.fotmob.com/en-GB/players/1358655/julio-soler,AFC_Bournemouth_Squad.json
1027447,Julián Araujo,8678,AFC Bournemouth,Defender,https://www.fotmob.com/en-GB/players/1027447/julian-araujo,AFC_Bournemouth_Squad.json
1539619,Juma Bah,8456,Manchester City,Defender,https://www.fotmob.com/en-GB/players/1539619/juma-bah,Manchester_City_Squad.json
1693398,Junai Byfield,8586,Tottenham Hotspur,Defender,https://www.fotmob.com/en-GB/players/1693398/junai-byfield,Tottenham_Hotspur_Squad.json
1460534,Junior Kroupi,8678,AFC Bournemouth,Midfielder,https://www.fotmob.com/en-GB/players/1460534/junior-kroupi,AFC_Bournemouth_Squad.json
942381,Jurriën Timber,9825,Arsenal,Defender,https://www.fotmob.com/en-GB/players/942381/jurrien-timber,Arsenal_Squad.json
1336751,Justin Devenny,9826,Crystal Palace,Midfielder,https://www.fotmob.com/en-GB/players/1336751/justin-devenny,Crystal_Palace_Squad.json
794253,Justin Kluivert,8678,AFC Bournemouth,Midfielder,https://www.fotmob.com/en-GB/players/794253/justin-kluivert,AFC_Bournemouth_Squad.json
942368,Jérémy Doku,8456,Manchester City,Forward,https://www.fotmob.com/en-GB/players/942368/jeremy-doku,Manchester_City_Squad.json
1473534,Jérémy Jacquet,8650,Liverpool,Defender,https://www.fotmob.com/en-GB/players/1473534/jeremy-jacquet,Liverpool_Squad.json
821100,Jørgen Strand Larsen,9826,Crystal Palace,Forward,https://www.fotmob.com/en-GB/players/821100/jorgen-strand-larsen,Crystal_Palace_Squad.json
1244376,Kaden Rodney,9826,Crystal Palace,Midfielder,https://www.fotmob.com/en-GB/players/1244376/kaden-rodney,Crystal_Palace_Squad.json
1526413,Kai Andrews,8669,Coventry City,Midfielder,https://www.fotmob.com/en-GB/players/1526413/kai-andrews,Coventry_City_Squad.json
749736,Kai Havertz,9825,Arsenal,Forward,https://www.fotmob.com/en-GB/players/749736/kai-havertz,Arsenal_Squad.json
1089686,Kaine Kesler-Hayden,8669,Coventry City,Defender,https://www.fotmob.com/en-GB/players/1089686/kaine-kesler-hayden,Coventry_City_Squad.json
609755,Kalvin Phillips,8456,Manchester City,Midfielder,https://www.fotmob.com/en-GB/players/609755/kalvin-phillips,Manchester_City_Squad.json
862608,Kaoru Mitoma,10204,Brighton & Hove Albion,Forward,https://www.fotmob.com/en-GB/players/862608/kaoru-mitoma,Brighton_Hove_Albion_Squad.json
1113915,Kasey McAteer,9902,Ipswich Town,Forward,https://www.fotmob.com/en-GB/players/1113915/kasey-mcateer,Ipswich_Town_Squad.json
1413853,Kaye Furo,9937,Brentford,Forward,https://www.fotmob.com/en-GB/players/1413853/kaye-furo,Brentford_Squad.json
1010426,Keane Lewis-Potter,9937,Brentford,Defender,https://www.fotmob.com/en-GB/players/1010426/keane-lewis-potter,Brentford_Squad.json
469804,Kenny Tete,9879,Fulham,Defender,https://www.fotmob.com/en-GB/players/469804/kenny-tete,Fulham_Squad.json
1318400,Kevin,9879,Fulham,Forward,https://www.fotmob.com/en-GB/players/1318400/kevin,Fulham_Squad.json
754126,Kevin Danso,8586,Tottenham Hotspur,Defender,https://www.fotmob.com/en-GB/players/754126/kevin-danso,Tottenham_Hotspur_Squad.json
1083796,Kevin Schade,9937,Brentford,Forward,https://www.fotmob.com/en-GB/players/1083796/kevin-schade,Brentford_Squad.json
605262,Kieran Dowell,8667,Hull City,Midfielder,https://www.fotmob.com/en-GB/players/605262/kieran-dowell,Hull_City_Squad.json
886016,Kiernan Dewsbury-Hall,8668,Everton,Midfielder,https://www.fotmob.com/en-GB/players/886016/kiernan-dewsbury-hall,Everton_Squad.json
1292810,Kobbie Mainoo,10260,Manchester United,Midfielder,https://www.fotmob.com/en-GB/players/1292810/kobbie-mainoo,Manchester_United_Squad.json
671529,Konstantinos Tsimikas,8650,Liverpool,Defender,https://www.fotmob.com/en-GB/players/671529/konstantinos-tsimikas,Liverpool_Squad.json
1513910,Kosta Nedeljkovic,10252,Aston Villa,Defender,https://www.fotmob.com/en-GB/players/1513910/kosta-nedeljkovic,Aston_Villa_Squad.json
552718,Kristoffer Ajer,9937,Brentford,Defender,https://www.fotmob.com/en-GB/players/552718/kristoffer-ajer,Brentford_Squad.json
1190033,Lamare Bogarde,10252,Aston Villa,Midfielder,https://www.fotmob.com/en-GB/players/1190033/lamare-bogarde,Aston_Villa_Squad.json
1077915,Largie Ramazani,8463,Leeds United,Midfielder,https://www.fotmob.com/en-GB/players/1077915/largie-ramazani,Leeds_United_Squad.json
90008463,Leeds United Keepers,8463,Leeds United,Goalkeeper,https://www.fotmob.com/en-GB/teams/8463/squad/leeds-united,Leeds_United_Squad.json
980381,Leif Davis,9902,Ipswich Town,Defender,https://www.fotmob.com/en-GB/players/980381/leif-davis,Ipswich_Town_Squad.json
1358581,Leny Yoro,10260,Manchester United,Defender,https://www.fotmob.com/en-GB/players/1358581/leny-yoro,Manchester_United_Squad.json
1222770,Leo Hjelde,8472,Sunderland,Defender,https://www.fotmob.com/en-GB/players/1222770/leo-hjelde,Sunderland_Squad.json
1414761,Leo Shahar,10261,Newcastle United,Defender,https://www.fotmob.com/en-GB/players/1414761/leo-shahar,Newcastle_United_Squad.json
671331,Leon Bailey,10252,Aston Villa,Forward,https://www.fotmob.com/en-GB/players/671331/leon-bailey,Aston_Villa_Squad.json
1096400,Levi Colwill,8455,Chelsea,Defender,https://www.fotmob.com/en-GB/players/1096400/levi-colwill,Chelsea_Squad.json
709148,Lewie Coyle,8667,Hull City,Defender,https://www.fotmob.com/en-GB/players/709148/lewie-coyle,Hull_City_Squad.json
562724,Lewis Cook,8678,AFC Bournemouth,Midfielder,https://www.fotmob.com/en-GB/players/562724/lewis-cook,AFC_Bournemouth_Squad.json
201690,Lewis Dunk,10204,Brighton & Hove Albion,Defender,https://www.fotmob.com/en-GB/players/201690/lewis-dunk,Brighton_Hove_Albion_Squad.json
1197655,Lewis Hall,10261,Newcastle United,Defender,https://www.fotmob.com/en-GB/players/1197655/lewis-hall,Newcastle_United_Squad.json
1296763,Lewis Miley,10261,Newcastle United,Midfielder,https://www.fotmob.com/en-GB/players/1296763/lewis-miley,Newcastle_United_Squad.json
1113903,Liam Delap,8455,Chelsea,Forward,https://www.fotmob.com/en-GB/players/1113903/liam-delap,Chelsea_Squad.json
914399,Liam Kitching,8669,Coventry City,Defender,https://www.fotmob.com/en-GB/players/914399/liam-kitching,Coventry_City_Squad.json
932308,Liam Millar,8667,Hull City,Forward,https://www.fotmob.com/en-GB/players/932308/liam-millar,Hull_City_Squad.json
847983,Lisandro Martínez,10260,Manchester United,Defender,https://www.fotmob.com/en-GB/players/847983/lisandro-martinez,Manchester_United_Squad.json
90008650,Liverpool Keepers,8650,Liverpool,Goalkeeper,https://www.fotmob.com/en-GB/teams/8650/squad/liverpool,Liverpool_Squad.json
1526415,Louie Copley,9825,Arsenal,Midfielder,https://www.fotmob.com/en-GB/players/1526415/louie-copley,Arsenal_Squad.json
1283034,Loum Tchaouna,8669,Coventry City,Forward,https://www.fotmob.com/en-GB/players/1283034/loum-tchaouna,Coventry_City_Squad.json
1155130,Luca Netz,10203,Nottingham Forest,Defender,https://www.fotmob.com/en-GB/players/1155130/luca-netz,Nottingham_Forest_Squad.json
1676964,Luca Picotto,9937,Brentford,Midfielder,https://www.fotmob.com/en-GB/players/1676964/luca-picotto,Brentford_Squad.json
1386775,Lucas Bergvall,8586,Tottenham Hotspur,Midfielder,https://www.fotmob.com/en-GB/players/1386775/lucas-bergvall,Tottenham_Hotspur_Squad.json
210111,Lucas Digne,10252,Aston Villa,Defender,https://www.fotmob.com/en-GB/players/210111/lucas-digne,Aston_Villa_Squad.json
1137106,Lucas Gourna-Douath,8667,Hull City,Midfielder,https://www.fotmob.com/en-GB/players/1137106/lucas-gourna-douath,manual_pl_callup
1686118,Lucas Herrington,8667,Hull City,Defender,https://www.fotmob.com/en-GB/players/1686118/lucas-herrington,manual_pl_callup
1899946,Luka Bentt,9937,Brentford,Midfielder,https://www.fotmob.com/en-GB/players/1899946/luka-bentt,Brentford_Squad.json
1413996,Luka Vuskovic,10204,Brighton & Hove Albion,Defender,https://www.fotmob.com/en-GB/players/1413996/luka-vuskovic,Brighton_Hove_Albion_Squad.json
861197,Lukas Nmecha,8463,Leeds United,Forward,https://www.fotmob.com/en-GB/players/861197/lukas-nmecha,Leeds_United_Squad.json
1199712,Luke Harris,9879,Fulham,Midfielder,https://www.fotmob.com/en-GB/players/1199712/luke-harris,Fulham_Squad.json
480253,Luke O'Nien,8472,Sunderland,Defender,https://www.fotmob.com/en-GB/players/480253/luke-onien,Sunderland_Squad.json
362694,Luke Shaw,10260,Manchester United,Defender,https://www.fotmob.com/en-GB/players/362694/luke-shaw,Manchester_United_Squad.json
866688,Luke Woolfenden,8669,Coventry City,Defender,https://www.fotmob.com/en-GB/players/866688/luke-woolfenden,Coventry_City_Squad.json
1342756,Luís Semedo,8472,Sunderland,Forward,https://www.fotmob.com/en-GB/players/1342756/luis-semedo,Sunderland_Squad.json
1602352,Malick Junior Yalcouyé,10204,Brighton & Hove Albion,Midfielder,https://www.fotmob.com/en-GB/players/1602352/malick-junior-yalcouye,Brighton_Hove_Albion_Squad.json
1137407,Malick Thiaw,10261,Newcastle United,Defender,https://www.fotmob.com/en-GB/players/1137407/malick-thiaw,Newcastle_United_Squad.json
1197250,Malo Gusto,8455,Chelsea,Defender,https://www.fotmob.com/en-GB/players/1197250/malo-gusto,Chelsea_Squad.json
1185211,Mamadou Sangaré,9937,Brentford,Midfielder,https://www.fotmob.com/en-GB/players/1185211/mamadou-sangare,Brentford_Squad.json
1426170,Mamadou Sarr,8455,Chelsea,Defender,https://www.fotmob.com/en-GB/players/1426170/mamadou-sarr,Chelsea_Squad.json
90008456,Manchester City Keepers,8456,Manchester City,Goalkeeper,https://www.fotmob.com/en-GB/teams/8456/squad/manchester-city,Manchester_City_Squad.json
90010260,Manchester United Keepers,10260,Manchester United,Goalkeeper,https://www.fotmob.com/en-GB/teams/10260/squad/manchester-united,Manchester_United_Squad.json
822237,Manor Solomon,8586,Tottenham Hotspur,Forward,https://www.fotmob.com/en-GB/players/822237/manor-solomon,Tottenham_Hotspur_Squad.json
1035614,Manuel Ugarte,10260,Manchester United,Midfielder,https://www.fotmob.com/en-GB/players/1035614/manuel-ugarte,Manchester_United_Squad.json
1412137,Marc Guiu,8455,Chelsea,Forward,https://www.fotmob.com/en-GB/players/1412137/marc-guiu,Chelsea_Squad.json
844425,Marc Guéhi,8456,Manchester City,Defender,https://www.fotmob.com/en-GB/players/844425/marc-guehi,Manchester_City_Squad.json
1129081,Marcelino Núñez,9902,Ipswich Town,Midfielder,https://www.fotmob.com/en-GB/players/1129081/marcelino-nunez,Ipswich_Town_Squad.json
1473806,Marco Palestra,8455,Chelsea,Midfielder,https://www.fotmob.com/en-GB/players/1473806/marco-palestra,Chelsea_Squad.json
785411,Marcos Senesi,8586,Tottenham Hotspur,Defender,https://www.fotmob.com/en-GB/players/785411/marcos-senesi,Tottenham_Hotspur_Squad.json
696365,Marcus Rashford,10260,Manchester United,Forward,https://www.fotmob.com/en-GB/players/696365/marcus-rashford,Manchester_United_Squad.json
789630,Marcus Tavernier,8678,AFC Bournemouth,Midfielder,https://www.fotmob.com/en-GB/players/789630/marcus-tavernier,AFC_Bournemouth_Squad.json
1787525,Marli Salmon,9825,Arsenal,Defender,https://www.fotmob.com/en-GB/players/1787525/marli-salmon,Arsenal_Squad.json
534670,Martin Ødegaard,9825,Arsenal,Midfielder,https://www.fotmob.com/en-GB/players/534670/martin-odegaard,Arsenal_Squad.json
1031325,Martín Zubimendi,9825,Arsenal,Midfielder,https://www.fotmob.com/en-GB/players/1031325/martin-zubimendi,Arsenal_Squad.json
750032,Mason Mount,10260,Manchester United,Midfielder,https://www.fotmob.com/en-GB/players/750032/mason-mount,Manchester_United_Squad.json
1347568,Matai Akinmboni,8678,AFC Bournemouth,Defender,https://www.fotmob.com/en-GB/players/1347568/matai-akinmboni,AFC_Bournemouth_Squad.json
1344677,Mateo Joseph,8463,Leeds United,Forward,https://www.fotmob.com/en-GB/players/1344677/mateo-joseph,Leeds_United_Squad.json
239219,Mateo Kovacic,8456,Manchester City,Midfielder,https://www.fotmob.com/en-GB/players/239219/mateo-kovacic,Manchester_City_Squad.json
1356312,Mateus Fernandes,8586,Tottenham Hotspur,Midfielder,https://www.fotmob.com/en-GB/players/1356312/mateus-fernandes,Tottenham_Hotspur_Squad.json
863098,Matheus Cunha,10260,Manchester United,Forward,https://www.fotmob.com/en-GB/players/863098/matheus-cunha,Manchester_United_Squad.json
1316124,Matheus França,9826,Crystal Palace,Forward,https://www.fotmob.com/en-GB/players/1316124/matheus-franca,Crystal_Palace_Squad.json
955529,Matheus Nunes,8456,Manchester City,Defender,https://www.fotmob.com/en-GB/players/955529/matheus-nunes,Manchester_City_Squad.json
650616,Mathias Jensen,9937,Brentford,Midfielder,https://www.fotmob.com/en-GB/players/650616/mathias-jensen,Brentford_Squad.json
1288111,Mathys Tel,8586,Tottenham Hotspur,Forward,https://www.fotmob.com/en-GB/players/1288111/mathys-tel,Tottenham_Hotspur_Squad.json
970243,Mats Wieffer,10204,Brighton & Hove Albion,Defender,https://www.fotmob.com/en-GB/players/970243/mats-wieffer,Brighton_Hove_Albion_Squad.json
280507,Matt Crooks,8667,Hull City,Midfielder,https://www.fotmob.com/en-GB/players/280507/matt-crooks,Hull_City_Squad.json
478357,Matt Grimes,8669,Coventry City,Midfielder,https://www.fotmob.com/en-GB/players/478357/matt-grimes,Coventry_City_Squad.json
538112,Matt Targett,8667,Hull City,Defender,https://www.fotmob.com/en-GB/players/538112/matt-targett,Hull_City_Squad.json
866686,Matthew O'Riley,10204,Brighton & Hove Albion,Midfielder,https://www.fotmob.com/en-GB/players/866686/matthew-oriley,Brighton_Hove_Albion_Squad.json
769895,Matthijs de Ligt,10260,Manchester United,Defender,https://www.fotmob.com/en-GB/players/769895/matthijs-de-ligt,Manchester_United_Squad.json
729731,Matty Cash,10252,Aston Villa,Defender,https://www.fotmob.com/en-GB/players/729731/matty-cash,Aston_Villa_Squad.json
1187308,Matty Jacob,8667,Hull City,Defender,https://www.fotmob.com/en-GB/players/1187308/matty-jacob,Hull_City_Squad.json
956621,Max Aarons,8678,AFC Bournemouth,Defender,https://www.fotmob.com/en-GB/players/956621/max-aarons,AFC_Bournemouth_Squad.json
1414691,Max Alleyne,8456,Manchester City,Defender,https://www.fotmob.com/en-GB/players/1414691/max-alleyne,Manchester_City_Squad.json
1635773,Max Dowman,9825,Arsenal,Midfielder,https://www.fotmob.com/en-GB/players/1635773/max-dowman,Arsenal_Squad.json
950485,Maxence Lacroix,8455,Chelsea,Defender,https://www.fotmob.com/en-GB/players/950485/maxence-lacroix,Chelsea_Squad.json
1134871,Maxim De Cuyper,10204,Brighton & Hove Albion,Defender,https://www.fotmob.com/en-GB/players/1134871/maxim-de-cuyper,Brighton_Hove_Albion_Squad.json
1210384,Merlin Röhl,8668,Everton,Forward,https://www.fotmob.com/en-GB/players/1210384/merlin-rohl,Everton_Squad.json
1429912,Michael Kayode,9937,Brentford,Defender,https://www.fotmob.com/en-GB/players/1429912/michael-kayode,Brentford_Squad.json
290410,Michael Keane,8668,Everton,Defender,https://www.fotmob.com/en-GB/players/290410/michael-keane,Everton_Squad.json
951921,Michael Svoboda,10204,Brighton & Hove Albion,Defender,https://www.fotmob.com/en-GB/players/951921/michael-svoboda,Brighton_Hove_Albion_Squad.json
1097466,Micky van de Ven,8586,Tottenham Hotspur,Defender,https://www.fotmob.com/en-GB/players/1097466/micky-van-de-ven,Tottenham_Hotspur_Squad.json
1358582,Miguel Ángel Brau,8669,Coventry City,Defender,https://www.fotmob.com/en-GB/players/1358582/miguel-angel-brau,Coventry_City_Squad.json
574645,Mikel Merino,9825,Arsenal,Midfielder,https://www.fotmob.com/en-GB/players/574645/mikel-merino,Arsenal_Squad.json
1407250,Mikey Moore,8586,Tottenham Hotspur,Forward,https://www.fotmob.com/en-GB/players/1407250/mikey-moore,Tottenham_Hotspur_Squad.json
888912,Mikkel Damsgaard,9937,Brentford,Midfielder,https://www.fotmob.com/en-GB/players/888912/mikkel-damsgaard,Brentford_Squad.json
1074750,Milan van Ewijk,8669,Coventry City,Defender,https://www.fotmob.com/en-GB/players/1074750/milan-van-ewijk,Coventry_City_Squad.json
1195281,Milos Kerkez,8650,Liverpool,Defender,https://www.fotmob.com/en-GB/players/1195281/milos-kerkez,Liverpool_Squad.json
1609329,Min-Hyeok Yang,8586,Tottenham Hotspur,Forward,https://www.fotmob.com/en-GB/players/1609329/min-hyeok-yang,Tottenham_Hotspur_Squad.json
1714552,Modou Cissé,10252,Aston Villa,Defender,https://www.fotmob.com/en-GB/players/1714552/modou-cisse,Aston_Villa_Squad.json
1231090,Mohamed Belloumi,8667,Hull City,Forward,https://www.fotmob.com/en-GB/players/1231090/mohamed-belloumi,Hull_City_Squad.json
891743,Mohammed Kudus,8586,Tottenham Hotspur,Forward,https://www.fotmob.com/en-GB/players/891743/mohammed-kudus,Tottenham_Hotspur_Squad.json
1137668,Moisés Caicedo,8455,Chelsea,Midfielder,https://www.fotmob.com/en-GB/players/1137668/moises-caicedo,Chelsea_Squad.json
1053838,Morato,10203,Nottingham Forest,Defender,https://www.fotmob.com/en-GB/players/1053838/morato,Nottingham_Forest_Squad.json
789502,Morgan Gibbs-White,10203,Nottingham Forest,Midfielder,https://www.fotmob.com/en-GB/players/789502/morgan-gibbs-white,Nottingham_Forest_Squad.json
883080,Morgan Rogers,8455,Chelsea,Midfielder,https://www.fotmob.com/en-GB/players/883080/morgan-rogers,Chelsea_Squad.json
1458711,Murillo,10203,Nottingham Forest,Defender,https://www.fotmob.com/en-GB/players/1458711/murillo,Nottingham_Forest_Squad.json
976506,Mykhaylo Mudryk,8455,Chelsea,Forward,https://www.fotmob.com/en-GB/players/976506/mykhaylo-mudryk,Chelsea_Squad.json
1406436,Myles Lewis-Skelly,9825,Arsenal,Defender,https://www.fotmob.com/en-GB/players/1406436/myles-lewis-skelly,Arsenal_Squad.json
961306,Nathan Collins,9937,Brentford,Defender,https://www.fotmob.com/en-GB/players/961306/nathan-collins,Brentford_Squad.json
1112684,Nathan Patterson,8668,Everton,Defender,https://www.fotmob.com/en-GB/players/1112684/nathan-patterson,Everton_Squad.json
157838,Nathaniel Clyne,9826,Crystal Palace,Defender,https://www.fotmob.com/en-GB/players/157838/nathaniel-clyne,Crystal_Palace_Squad.json
1078788,Neco Williams,10203,Nottingham Forest,Defender,https://www.fotmob.com/en-GB/players/1078788/neco-williams,Nottingham_Forest_Squad.json
90010261,Newcastle United Keepers,10261,Newcastle United,Goalkeeper,https://www.fotmob.com/en-GB/teams/10261/squad/newcastle-united,Newcastle_United_Squad.json
1106563,Nick Woltemade,10261,Newcastle United,Forward,https://www.fotmob.com/en-GB/players/1106563/nick-woltemade,Newcastle_United_Squad.json
1280132,Nico González,8456,Manchester City,Midfielder,https://www.fotmob.com/en-GB/players/1280132/nico-gonzalez,Manchester_City_Squad.json
1300526,Nico O'Reilly,8456,Manchester City,Defender,https://www.fotmob.com/en-GB/players/1300526/nico-oreilly,Manchester_City_Squad.json
1197347,Nicolas Jackson,8455,Chelsea,Forward,https://www.fotmob.com/en-GB/players/1197347/nicolas-jackson,Chelsea_Squad.json
827315,Nicolás Dominguez,10203,Nottingham Forest,Midfielder,https://www.fotmob.com/en-GB/players/827315/nicolas-dominguez,Nottingham_Forest_Squad.json
1622290,Nicolò Savona,10203,Nottingham Forest,Defender,https://www.fotmob.com/en-GB/players/1622290/nicolo-savona,Nottingham_Forest_Squad.json
766611,Nikola Milenkovic,10203,Nottingham Forest,Defender,https://www.fotmob.com/en-GB/players/766611/nikola-milenkovic,Nottingham_Forest_Squad.json
1287010,Nilson Angulo,8472,Sunderland,Forward,https://www.fotmob.com/en-GB/players/1287010/nilson-angulo,Sunderland_Squad.json
915797,Noah Okafor,8463,Leeds United,Forward,https://www.fotmob.com/en-GB/players/915797/noah-okafor,Leeds_United_Squad.json
1359649,Noah Sadiki,8472,Sunderland,Midfielder,https://www.fotmob.com/en-GB/players/1359649/noah-sadiki,Sunderland_Squad.json
1428427,Nobel Mendy,8667,Hull City,Defender,https://www.fotmob.com/en-GB/players/1428427/nobel-mendy,manual_pl_callup
1084981,Noni Madueke,9825,Arsenal,Forward,https://www.fotmob.com/en-GB/players/1084981/noni-madueke,Arsenal_Squad.json
602304,Nordi Mukiele,8472,Sunderland,Defender,https://www.fotmob.com/en-GB/players/602304/nordi-mukiele,Sunderland_Squad.json
90010203,Nottingham Forest Keepers,10203,Nottingham Forest,Goalkeeper,https://www.fotmob.com/en-GB/teams/10203/squad/nottingham-forest,Nottingham_Forest_Squad.json
775539,Noussair Mazraoui,10260,Manchester United,Defender,https://www.fotmob.com/en-GB/players/775539/noussair-mazraoui,Manchester_United_Squad.json
682548,Ola Aina,10203,Nottingham Forest,Defender,https://www.fotmob.com/en-GB/players/682548/ola-aina,Nottingham_Forest_Squad.json
509151,Oli McBurnie,8667,Hull City,Forward,https://www.fotmob.com/en-GB/players/509151/oli-mcburnie,Hull_City_Squad.json
613715,Olivier Boscagli,10204,Brighton & Hove Albion,Defender,https://www.fotmob.com/en-GB/players/613715/olivier-boscagli,Brighton_Hove_Albion_Squad.json
540088,Ollie Watkins,10252,Aston Villa,Forward,https://www.fotmob.com/en-GB/players/540088/ollie-watkins,Aston_Villa_Squad.json
751998,Omar Alderete,8472,Sunderland,Defender,https://www.fotmob.com/en-GB/players/751998/omar-alderete,Sunderland_Squad.json
839204,Omar Marmoush,8456,Manchester City,Forward,https://www.fotmob.com/en-GB/players/839204/omar-marmoush,Manchester_City_Squad.json
798608,Omar Richards,10203,Nottingham Forest,Defender,https://www.fotmob.com/en-GB/players/798608/omar-richards,Nottingham_Forest_Squad.json
1215652,Omari Hutchinson,10203,Nottingham Forest,Forward,https://www.fotmob.com/en-GB/players/1215652/omari-hutchinson,Nottingham_Forest_Squad.json
1315477,Omari Kellyman,8455,Chelsea,Forward,https://www.fotmob.com/en-GB/players/1315477/omari-kellyman,Chelsea_Squad.json
1113790,Oscar Bobb,9879,Fulham,Forward,https://www.fotmob.com/en-GB/players/1113790/oscar-bobb,Fulham_Squad.json
575780,Paddy McNair,8667,Hull City,Defender,https://www.fotmob.com/en-GB/players/575780/paddy-mcnair,Hull_City_Squad.json
1107280,Pape Sarr,8586,Tottenham Hotspur,Midfielder,https://www.fotmob.com/en-GB/players/1107280/pape-sarr,Tottenham_Hotspur_Squad.json
167008,Pascal Groß,10204,Brighton & Hove Albion,Midfielder,https://www.fotmob.com/en-GB/players/167008/pascal-gross,Brighton_Hove_Albion_Squad.json
796974,Pascal Struijk,10204,Brighton & Hove Albion,Defender,https://www.fotmob.com/en-GB/players/796974/pascal-struijk,Brighton_Hove_Albion_Squad.json
1526560,Patrick Dorgu,10260,Manchester United,Defender,https://www.fotmob.com/en-GB/players/1526560/patrick-dorgu,Manchester_United_Squad.json
792645,Pau Torres,10252,Aston Villa,Defender,https://www.fotmob.com/en-GB/players/792645/pau-torres,Aston_Villa_Squad.json
843040,Pedro Neto,8455,Chelsea,Forward,https://www.fotmob.com/en-GB/players/843040/pedro-neto,Chelsea_Squad.json
941573,Pedro Porro,8586,Tottenham Hotspur,Defender,https://www.fotmob.com/en-GB/players/941573/pedro-porro,Tottenham_Hotspur_Squad.json
815006,Phil Foden,8456,Manchester City,Midfielder,https://www.fotmob.com/en-GB/players/815006/phil-foden,Manchester_City_Squad.json
1137667,Piero Hincapié,9825,Arsenal,Defender,https://www.fotmob.com/en-GB/players/1137667/piero-hincapie,Arsenal_Squad.json
1101043,Raphael Borges Rodrigues,8669,Coventry City,Defender,https://www.fotmob.com/en-GB/players/1101043/raphael-borges-rodrigues,Coventry_City_Squad.json
1478295,Rayan,8678,AFC Bournemouth,Forward,https://www.fotmob.com/en-GB/players/1478295/rayan,AFC_Bournemouth_Squad.json
933845,Rayan Aït-Nouri,8456,Manchester City,Defender,https://www.fotmob.com/en-GB/players/933845/rayan-ait-nouri,Manchester_City_Squad.json
1104053,Rayan Cherki,8456,Manchester City,Midfielder,https://www.fotmob.com/en-GB/players/1104053/rayan-cherki,Manchester_City_Squad.json
807729,Reece James,8455,Chelsea,Defender,https://www.fotmob.com/en-GB/players/807729/reece-james,Chelsea_Squad.json
807930,Regan Slater,8667,Hull City,Midfielder,https://www.fotmob.com/en-GB/players/807930/regan-slater,Hull_City_Squad.json
600524,Reinildo,8472,Sunderland,Defender,https://www.fotmob.com/en-GB/players/600524/reinildo,Sunderland_Squad.json
748382,Reiss Nelson,9825,Arsenal,Forward,https://www.fotmob.com/en-GB/players/748382/reiss-nelson,Arsenal_Squad.json
1702426,Remy Rees-Dottin,8678,AFC Bournemouth,Forward,https://www.fotmob.com/en-GB/players/1702426/remy-rees-dottin,AFC_Bournemouth_Squad.json
2100600,Reuben Silk,8667,Hull City,Midfielder,https://www.fotmob.com/en-GB/players/2100600/reuben-silk,Hull_City_Squad.json
1105912,Riccardo Calafiori,9825,Arsenal,Defender,https://www.fotmob.com/en-GB/players/1105912/riccardo-calafiori,Arsenal_Squad.json
654908,Richarlison,8586,Tottenham Hotspur,Forward,https://www.fotmob.com/en-GB/players/654908/richarlison,Tottenham_Hotspur_Squad.json
562892,Rico Henry,9937,Brentford,Defender,https://www.fotmob.com/en-GB/players/562892/rico-henry,Brentford_Squad.json
1288450,Rico Lewis,8456,Manchester City,Defender,https://www.fotmob.com/en-GB/players/1288450/rico-lewis,Manchester_City_Squad.json
1422586,Rio Cardines,9826,Crystal Palace,Defender,https://www.fotmob.com/en-GB/players/1422586/rio-cardines,Crystal_Palace_Squad.json
1597668,Rio Ngumoha,8650,Liverpool,Forward,https://www.fotmob.com/en-GB/players/1597668/rio-ngumoha,Liverpool_Squad.json
675088,Rodri,8456,Manchester City,Midfielder,https://www.fotmob.com/en-GB/players/675088/rodri,Manchester_City_Squad.json
620618,Rodrigo Bentancur,8586,Tottenham Hotspur,Midfielder,https://www.fotmob.com/en-GB/players/620618/rodrigo-bentancur,Tottenham_Hotspur_Squad.json
1128945,Rodrigo Muniz,9879,Fulham,Forward,https://www.fotmob.com/en-GB/players/1128945/rodrigo-muniz,Fulham_Squad.json
1428401,Romain Esse,9826,Crystal Palace,Forward,https://www.fotmob.com/en-GB/players/1428401/romain-esse,Crystal_Palace_Squad.json
904021,Romain Faivre,8678,AFC Bournemouth,Forward,https://www.fotmob.com/en-GB/players/904021/romain-faivre,AFC_Bournemouth_Squad.json
1123947,Romaine Mundle,8472,Sunderland,Forward,https://www.fotmob.com/en-GB/players/1123947/romaine-mundle,Sunderland_Squad.json
1190867,Roméo Lavia,8455,Chelsea,Midfielder,https://www.fotmob.com/en-GB/players/1190867/romeo-lavia,Chelsea_Squad.json
215384,Ross Barkley,10252,Aston Villa,Midfielder,https://www.fotmob.com/en-GB/players/215384/ross-barkley,Aston_Villa_Squad.json
439369,Ryan Christie,8678,AFC Bournemouth,Midfielder,https://www.fotmob.com/en-GB/players/439369/ryan-christie,AFC_Bournemouth_Squad.json
933635,Ryan Giles,8667,Hull City,Defender,https://www.fotmob.com/en-GB/players/933635/ryan-giles,Hull_City_Squad.json
956683,Ryan Gravenberch,8650,Liverpool,Midfielder,https://www.fotmob.com/en-GB/players/956683/ryan-gravenberch,Liverpool_Squad.json
1680328,Ryan McAidoo,8456,Manchester City,Forward,https://www.fotmob.com/en-GB/players/1680328/ryan-mcaidoo,Manchester_City_Squad.json
773991,Ryan Sessegnon,9879,Fulham,Defender,https://www.fotmob.com/en-GB/players/773991/ryan-sessegnon,Fulham_Squad.json
775614,Ryan Yates,10203,Nottingham Forest,Midfielder,https://www.fotmob.com/en-GB/players/775614/ryan-yates,Nottingham_Forest_Squad.json
614006,Rúben Dias,8456,Manchester City,Defender,https://www.fotmob.com/en-GB/players/614006/ruben-dias,Manchester_City_Squad.json
363318,Sam Byram,8463,Leeds United,Defender,https://www.fotmob.com/en-GB/players/363318/sam-byram,Leeds_United_Squad.json
1368061,Samuel Iling-Junior,10252,Aston Villa,Forward,https://www.fotmob.com/en-GB/players/1368061/samuel-iling-junior,Aston_Villa_Squad.json
540963,Sander Berge,9879,Fulham,Midfielder,https://www.fotmob.com/en-GB/players/540963/sander-berge,Fulham_Squad.json
867414,Sandro Tonali,8586,Tottenham Hotspur,Midfielder,https://www.fotmob.com/en-GB/players/867414/sandro-tonali,Tottenham_Hotspur_Squad.json
556972,Sasa Lukic,9902,Ipswich Town,Midfielder,https://www.fotmob.com/en-GB/players/556972/sasa-lukic,Ipswich_Town_Squad.json
1174337,Savinho,8456,Manchester City,Forward,https://www.fotmob.com/en-GB/players/1174337/savinho,Manchester_City_Squad.json
820024,Sean Longstaff,8463,Leeds United,Midfielder,https://www.fotmob.com/en-GB/players/820024/sean-longstaff,Leeds_United_Squad.json
1443841,Sean Neave,10261,Newcastle United,Forward,https://www.fotmob.com/en-GB/players/1443841/sean-neave,Newcastle_United_Squad.json
1643770,Sean Steur,10261,Newcastle United,Midfielder,https://www.fotmob.com/en-GB/players/1643770/sean-steur,Newcastle_United_Squad.json
922892,Sebastiaan Bornauw,8463,Leeds United,Defender,https://www.fotmob.com/en-GB/players/922892/sebastiaan-bornauw,Leeds_United_Squad.json
410836,Semi Ajayi,8667,Hull City,Defender,https://www.fotmob.com/en-GB/players/410836/semi-ajayi,Hull_City_Squad.json
919435,Sepp van den Berg,9937,Brentford,Defender,https://www.fotmob.com/en-GB/players/919435/sepp-van-den-berg,Brentford_Squad.json
1436260,Shea Lacey,10260,Manchester United,Forward,https://www.fotmob.com/en-GB/players/1436260/shea-lacey,Manchester_United_Squad.json
1346113,Shumaira Mheuka,8455,Chelsea,Forward,https://www.fotmob.com/en-GB/players/1346113/shumaira-mheuka,Chelsea_Squad.json
1227012,Simon Adingra,8472,Sunderland,Forward,https://www.fotmob.com/en-GB/players/1227012/simon-adingra,Sunderland_Squad.json
1307961,Sindre Walle Egeli,9902,Ipswich Town,Forward,https://www.fotmob.com/en-GB/players/1307961/sindre-walle-egeli,Ipswich_Town_Squad.json
1636513,Souza,8586,Tottenham Hotspur,Defender,https://www.fotmob.com/en-GB/players/1636513/souza,Tottenham_Hotspur_Squad.json
1310118,Stefan Bajcetic,8650,Liverpool,Midfielder,https://www.fotmob.com/en-GB/players/1310118/stefan-bajcetic,Liverpool_Squad.json
1423616,Stefanos Tzimas,10204,Brighton & Hove Albion,Forward,https://www.fotmob.com/en-GB/players/1423616/stefanos-tzimas,Brighton_Hove_Albion_Squad.json
90008472,Sunderland Keepers,8472,Sunderland,Goalkeeper,https://www.fotmob.com/en-GB/teams/8472/squad/sunderland,Sunderland_Squad.json
956682,Sven Botman,10261,Newcastle United,Defender,https://www.fotmob.com/en-GB/players/956682/sven-botman,Newcastle_United_Squad.json
643717,Taiwo Awoniyi,10203,Nottingham Forest,Forward,https://www.fotmob.com/en-GB/players/643717/taiwo-awoniyi,Nottingham_Forest_Squad.json
749661,Tammy Abraham,10252,Aston Villa,Forward,https://www.fotmob.com/en-GB/players/749661/tammy-abraham,Aston_Villa_Squad.json
1250485,Tarik Muharemovic,8463,Leeds United,Defender,https://www.fotmob.com/en-GB/players/1250485/tarik-muharemovic,Leeds_United_Squad.json
1025603,Tatsuhiro Sakamoto,8669,Coventry City,Forward,https://www.fotmob.com/en-GB/players/1025603/tatsuhiro-sakamoto,Coventry_City_Squad.json
1398392,Thierno Barry,8668,Everton,Forward,https://www.fotmob.com/en-GB/players/1398392/thierno-barry,Everton_Squad.json
277771,Thomas Meunier,8472,Sunderland,Defender,https://www.fotmob.com/en-GB/players/277771/thomas-meunier,Sunderland_Squad.json
868344,Tijjani Reijnders,8456,Manchester City,Midfielder,https://www.fotmob.com/en-GB/players/868344/tijjani-reijnders,Manchester_City_Squad.json
1203512,Tim Iroegbunam,8668,Everton,Midfielder,https://www.fotmob.com/en-GB/players/1203512/tim-iroegbunam,Everton_Squad.json
465750,Timothy Castagne,9879,Fulham,Defender,https://www.fotmob.com/en-GB/players/465750/timothy-castagne,Fulham_Squad.json
1421810,Toby Collyer,10260,Manchester United,Midfielder,https://www.fotmob.com/en-GB/players/1421810/toby-collyer,Manchester_United_Squad.json
182962,Tom Cairney,9879,Fulham,Midfielder,https://www.fotmob.com/en-GB/players/182962/tom-cairney,Fulham_Squad.json
683402,Tosin Adarabioyo,8455,Chelsea,Defender,https://www.fotmob.com/en-GB/players/683402/tosin-adarabioyo,Chelsea_Squad.json
90008586,Tottenham Hotspur Keepers,8586,Tottenham Hotspur,Goalkeeper,https://www.fotmob.com/en-GB/teams/8586/squad/tottenham-hotspur,Tottenham_Hotspur_Squad.json
1067763,Trai Hume,8472,Sunderland,Defender,https://www.fotmob.com/en-GB/players/1067763/trai-hume,Sunderland_Squad.json
793907,Trevoh Chalobah,8455,Chelsea,Defender,https://www.fotmob.com/en-GB/players/793907/trevoh-chalobah,Chelsea_Squad.json
1436258,Trey Nyoni,8650,Liverpool,Midfielder,https://www.fotmob.com/en-GB/players/1436258/trey-nyoni,Liverpool_Squad.json
729769,Tyler Adams,8678,AFC Bournemouth,Midfielder,https://www.fotmob.com/en-GB/players/729769/tyler-adams,AFC_Bournemouth_Squad.json
1524716,Tyler Bindon,10203,Nottingham Forest,Defender,https://www.fotmob.com/en-GB/players/1524716/tyler-bindon,Nottingham_Forest_Squad.json
1292833,Tyler Dibling,8668,Everton,Forward,https://www.fotmob.com/en-GB/players/1292833/tyler-dibling,Everton_Squad.json
1676985,Tyler Fletcher,10260,Manchester United,Midfielder,https://www.fotmob.com/en-GB/players/1676985/tyler-fletcher,Manchester_United_Squad.json
1120224,Tyrick Mitchell,9826,Crystal Palace,Defender,https://www.fotmob.com/en-GB/players/1120224/tyrick-mitchell,Crystal_Palace_Squad.json
1424875,Tyrique George,8668,Everton,Forward,https://www.fotmob.com/en-GB/players/1424875/tyrique-george,Everton_Squad.json
419664,Tyrone Mings,10252,Aston Villa,Defender,https://www.fotmob.com/en-GB/players/419664/tyrone-mings,Aston_Villa_Squad.json
1107910,Valentino Livramento,10261,Newcastle United,Defender,https://www.fotmob.com/en-GB/players/1107910/valentino-livramento,Newcastle_United_Squad.json
1272440,Valentín Barco,8455,Chelsea,Midfielder,https://www.fotmob.com/en-GB/players/1272440/valentin-barco,Chelsea_Squad.json
1666977,Veljko Milosavljevic,8678,AFC Bournemouth,Defender,https://www.fotmob.com/en-GB/players/1666977/veljko-milosavljevic,AFC_Bournemouth_Squad.json
258269,Victor Nilsson Lindelöf,10252,Aston Villa,Defender,https://www.fotmob.com/en-GB/players/258269/victor-nilsson-lindelof,Aston_Villa_Squad.json
845985,Victor Torp,8669,Coventry City,Midfielder,https://www.fotmob.com/en-GB/players/845985/victor-torp,Coventry_City_Squad.json
664500,Viktor Gyökeres,9825,Arsenal,Forward,https://www.fotmob.com/en-GB/players/664500/viktor-gyokeres,Arsenal_Squad.json
209405,Virgil van Dijk,8650,Liverpool,Defender,https://www.fotmob.com/en-GB/players/209405/virgil-van-dijk,Liverpool_Squad.json
874025,Vitaliy Mykolenko,8668,Everton,Defender,https://www.fotmob.com/en-GB/players/874025/vitaliy-mykolenko,Everton_Squad.json
688273,Vitaly Janelt,9937,Brentford,Midfielder,https://www.fotmob.com/en-GB/players/688273/vitaly-janelt,Brentford_Squad.json
1580952,Vitor Reis,8456,Manchester City,Defender,https://www.fotmob.com/en-GB/players/1580952/vitor-reis,Manchester_City_Squad.json
1553105,Víctor Muñoz,8650,Liverpool,Forward,https://www.fotmob.com/en-GB/players/1553105/victor-munoz,Liverpool_Squad.json
202643,Wataru Endo,8650,Liverpool,Midfielder,https://www.fotmob.com/en-GB/players/202643/wataru-endo,Liverpool_Squad.json
917802,Wesley Fofana,8455,Chelsea,Defender,https://www.fotmob.com/en-GB/players/917802/wesley-fofana,Chelsea_Squad.json
1107286,Wilfried Gnonto,8463,Leeds United,Forward,https://www.fotmob.com/en-GB/players/1107286/wilfried-gnonto,Leeds_United_Squad.json
295067,Will Hughes,9826,Crystal Palace,Midfielder,https://www.fotmob.com/en-GB/players/295067/will-hughes,Crystal_Palace_Squad.json
1258092,William Osula,10261,Newcastle United,Forward,https://www.fotmob.com/en-GB/players/1258092/william-osula,Newcastle_United_Squad.json
955406,William Saliba,9825,Arsenal,Defender,https://www.fotmob.com/en-GB/players/955406/william-saliba,Arsenal_Squad.json
887703,Wilson Isidor,8472,Sunderland,Forward,https://www.fotmob.com/en-GB/players/887703/wilson-isidor,Sunderland_Squad.json
1341387,Wilson Odobert,8586,Tottenham Hotspur,Forward,https://www.fotmob.com/en-GB/players/1341387/wilson-odobert,Tottenham_Hotspur_Squad.json
620027,Xaver Schlager,10203,Nottingham Forest,Midfielder,https://www.fotmob.com/en-GB/players/620027/xaver-schlager,Nottingham_Forest_Squad.json
1173787,Xavi Simons,8586,Tottenham Hotspur,Midfielder,https://www.fotmob.com/en-GB/players/1173787/xavi-simons,Tottenham_Hotspur_Squad.json
1400227,Yankuba Minteh,10204,Brighton & Hove Albion,Forward,https://www.fotmob.com/en-GB/players/1400227/yankuba-minteh,Brighton_Hove_Albion_Squad.json
1168311,Yasin Ayari,10204,Brighton & Hove Albion,Midfielder,https://www.fotmob.com/en-GB/players/1168311/yasin-ayari,Brighton_Hove_Albion_Squad.json
1157236,Yehor Yarmoliuk,9937,Brentford,Midfielder,https://www.fotmob.com/en-GB/players/1157236/yehor-yarmoliuk,Brentford_Squad.json
666857,Yoane Wissa,10261,Newcastle United,Forward,https://www.fotmob.com/en-GB/players/666857/yoane-wissa,Newcastle_United_Squad.json
465960,Youri Tielemans,10260,Manchester United,Midfielder,https://www.fotmob.com/en-GB/players/465960/youri-tielemans,Manchester_United_Squad.json
1047676,Yéremi Pino,9826,Crystal Palace,Midfielder,https://www.fotmob.com/en-GB/players/1047676/yeremi-pino,Crystal_Palace_Squad.json
1296769,Zach Abbott,10203,Nottingham Forest,Defender,https://www.fotmob.com/en-GB/players/1296769/zach-abbott,Nottingham_Forest_Squad.json
1782648,Zadok Yohanna,10204,Brighton & Hove Albion,Forward,https://www.fotmob.com/en-GB/players/1782648/zadok-yohanna,Brighton_Hove_Albion_Squad.json
1327406,Álvaro Rodriguez,8678,AFC Bournemouth,Forward,https://www.fotmob.com/en-GB/players/1327406/alvaro-rodriguez,AFC_Bournemouth_Squad.json
952095,Óscar Mingueza,9826,Crystal Palace,Midfielder,https://www.fotmob.com/en-GB/players/952095/oscar-mingueza,Crystal_Palace_Squad.json
1356264,Óscar Zambrano,8667,Hull City,Midfielder,https://www.fotmob.com/en-GB/players/1356264/oscar-zambrano,Hull_City_Squad.json
1477878,Anan Khalaili,9826,Crystal Palace,Midfielder,https://www.fotmob.com/en-GB/players/1477878/anan-khalaili,Crystal_Palace_Squad.json
664444,Takehiro Tomiyasu,9826,Crystal Palace,Defender,https://www.fotmob.com/en-GB/players/664444/takehiro-tomiyasu,Crystal_Palace_Squad.json
1559625,Alfie Cresswell,8463,Leeds United,Midfielder,https://www.fotmob.com/en-GB/players/1559625/alfie-cresswell,Leeds_United_Squad.json
1797582,Jayden Lienou,8463,Leeds United,Defender,https://www.fotmob.com/en-GB/players/1797582/jayden-lienou,Leeds_United_Squad.json
517346,Nico Elvedi,8463,Leeds United,Defender,https://www.fotmob.com/en-GB/players/517346/nico-elvedi,Leeds_United_Squad.json
1636112,Luca Williams-Barnett,8586,Tottenham Hotspur,Midfielder,https://www.fotmob.com/en-GB/players/1636112/luca-williams-barnett,Tottenham_Hotspur_Squad.json
1607333,George Hemmings,10252,Aston Villa,Midfielder,https://www.fotmob.com/en-GB/players/1607333/george-hemmings,Aston_Villa_Squad.json
1051097,Matteo Ruggeri,10252,Aston Villa,Defender,https://www.fotmob.com/en-GB/players/1051097/matteo-ruggeri,Aston_Villa_Squad.json
1442496,Triston Rowe,10252,Aston Villa,Midfielder,https://www.fotmob.com/en-GB/players/1442496/triston-rowe,Aston_Villa_Squad.json
1553189,Luka Lynch,10252,Aston Villa,Midfielder,https://www.fotmob.com/en-GB/players/1553189/luka-lynch,Aston_Villa_Squad.json
1252132,Promise David,10204,Brighton & Hove Albion,Forward,https://www.fotmob.com/en-GB/players/1252132/promise-david,Brighton_Hove_Albion_Squad.json
1639163,Bradley Burrowes,10252,Aston Villa,Forward,https://www.fotmob.com/en-GB/players/1639163/bradley-burrowes,Aston_Villa_Squad.json
1158512,Juanlu Sánchez,8678,AFC Bournemouth,Midfielder,https://www.fotmob.com/en-GB/players/1158512/juanlu-sanchez,AFC_Bournemouth_Squad.json
